"job_title_short","salary_year_avg"
"Data Analyst","650000.0"
"Data Analyst","336500.0"
"Data Analyst","255829.5"
"Data Analyst","232423.0"
"Data Analyst","217000.0"
"Data Analyst","205000.0"
"Data Analyst","189309.0"
"Data Analyst","189000.0"
"Data Analyst","186000.0"
"Senior Data Analyst","185000.0"
"Senior Data Analyst","184000.0"
"Senior Data Analyst","184000.0"
"Data Analyst","184000.0"
"Senior Data Analyst","181000.0"
"Senior Data Analyst","178500.0"
"Senior Data Analyst","174000.0"
"Senior Data Analyst","173000.0"
"Senior Data Analyst","172500.0"
"Senior Data Analyst","171000.0"
"Data Analyst","170000.0"
"Data Analyst","170000.0"
"Senior Data Analyst","170000.0"
"Data Analyst","170000.0"
"Data Analyst","167000.0"
"Data Analyst","165000.0"
"Senior Data Analyst","165000.0"
"Data Analyst","165000.0"
"Data Analyst","164746.0"
"Data Analyst","164746.0"
"Data Analyst","163500.0"
"Data Analyst","160515.0"
"Data Analyst","160000.0"
"Senior Data Analyst","160000.0"
"Senior Data Analyst","160000.0"
"Data Analyst","160000.0"
"Data Analyst","160000.0"
"Data Analyst","157500.0"
"Data Analyst","157500.0"
"Senior Data Analyst","157500.0"
"Data Analyst","155485.5"
"Data Analyst","155000.0"
"Data Analyst","152625.0"
"Data Analyst","152625.0"
"Data Analyst","152500.0"
"Data Analyst","152221.5"
"Data Analyst","151500.0"
"Data Analyst","150000.0"
"Data Analyst","150000.0"
"Senior Data Analyst","150000.0"
"Senior Data Analyst","148290.0"
"Data Analyst","148238.5"
"Data Analyst","147285.0"
"Senior Data Analyst","145000.0"
"Data Analyst","145000.0"
"Data Analyst","145000.0"
"Senior Data Analyst","145000.0"
"Data Analyst","145000.0"
"Data Analyst","145000.0"
"Senior Data Analyst","144500.0"
"Senior Data Analyst","144500.0"
"Data Analyst","144481.5"
"Senior Data Analyst","142501.0"
"Data Analyst","140500.0"
"Data Analyst","140500.0"
"Data Analyst","140000.0"
"Data Analyst","140000.0"
"Senior Data Analyst","140000.0"
"Senior Data Analyst","140000.0"
"Senior Data Analyst","140000.0"
"Senior Data Analyst","140000.0"
"Senior Data Analyst","140000.0"
"Senior Data Analyst","140000.0"
"Senior Data Analyst","140000.0"
"Senior Data Analyst","140000.0"
"Senior Data Analyst","140000.0"
"Data Analyst","140000.0"
"Data Analyst","140000.0"
"Data Analyst","139000.0"
"Data Analyst","138640.0"
"Data Analyst","138500.0"
"Data Analyst","138000.0"
"Data Analyst","137500.0"
"Data Analyst","137000.0"
"Senior Data Analyst","136000.0"
"Data Analyst","135000.0"
"Senior Data Analyst","135000.0"
"Data Analyst","135000.0"
"Data Analyst","135000.0"
"Senior Data Analyst","135000.0"
"Data Analyst","135000.0"
"Data Analyst","132500.0"
"Data Analyst","132500.0"
"Senior Data Analyst","132500.0"
"Data Analyst","132500.0"
"Senior Data Analyst","130449.5"
"Data Analyst","130000.0"
"Data Analyst","130000.0"
"Data Analyst","130000.0"
"Senior Data Analyst","130000.0"
"Senior Data Analyst","130000.0"
"Data Analyst","130000.0"
"Senior Data Analyst","130000.0"
"Data Analyst","130000.0"
"Data Analyst","130000.0"
"Senior Data Analyst","130000.0"
"Data Analyst","129000.0"
"Senior Data Analyst","128625.0"
"Data Analyst","127000.0"
"Data Analyst","127000.0"
"Data Analyst","126452.0"
"Senior Data Analyst","126250.0"
"Senior Data Analyst","126000.0"
"Data Analyst","126000.0"
"Data Analyst","126000.0"
"Senior Data Analyst","126000.0"
"Senior Data Analyst","126000.0"
"Senior Data Analyst","126000.0"
"Data Analyst","125930.0"
"Senior Data Analyst","125654.5"
"Senior Data Analyst","125500.0"
"Data Analyst","125500.0"
"Data Analyst","125000.0"
"Data Analyst","125000.0"
"Data Analyst","125000.0"
"Senior Data Analyst","125000.0"
"Data Analyst","125000.0"
"Data Analyst","125000.0"
"Data Analyst","125000.0"
"Data Analyst","125000.0"
"Data Analyst","125000.0"
"Senior Data Analyst","125000.0"
"Data Analyst","124500.0"
"Senior Data Analyst","124497.0"
"Senior Data Analyst","124497.0"
"Data Analyst","124000.0"
"Data Analyst","123249.5"
"Data Analyst","123000.0"
"Data Analyst","122769.0"
"Senior Data Analyst","122500.0"
"Data Analyst","122500.0"
"Data Analyst","122500.0"
"Data Analyst","122500.0"
"Senior Data Analyst","122000.0"
"Data Analyst","122000.0"
"Data Analyst","122000.0"
"Senior Data Analyst","120000.0"
"Senior Data Analyst","120000.0"
"Data Analyst","120000.0"
"Data Analyst","120000.0"
"Data Analyst","120000.0"
"Data Analyst","120000.0"
"Data Analyst","120000.0"
"Senior Data Analyst","120000.0"
"Data Analyst","120000.0"
"Senior Data Analyst","120000.0"
"Data Analyst","119908.0"
"Senior Data Analyst","119500.0"
"Data Analyst","119200.0"
"Data Analyst","119200.0"
"Data Analyst","117713.0"
"Data Analyst","117500.0"
"Data Analyst","117500.0"
"Data Analyst","117500.0"
"Data Analyst","117000.0"
"Data Analyst","115791.5"
"Data Analyst","115791.5"
"Data Analyst","115791.5"
"Senior Data Analyst","115697.5"
"Senior Data Analyst","115442.5"
"Data Analyst","115000.0"
"Data Analyst","115000.0"
"Data Analyst","115000.0"
"Data Analyst","115000.0"
"Senior Data Analyst","115000.0"
"Senior Data Analyst","115000.0"
"Data Analyst","115000.0"
"Senior Data Analyst","115000.0"
"Senior Data Analyst","115000.0"
"Data Analyst","115000.0"
"Data Analyst","115000.0"
"Data Analyst","115000.0"
"Data Analyst","114956.5"
"Data Analyst","114948.0"
"Data Analyst","114805.0"
"Senior Data Analyst","114500.0"
"Senior Data Analyst","114000.0"
"Data Analyst","114000.0"
"Data Analyst","113500.0"
"Data Analyst","112850.0"
"Data Analyst","112661.0"
"Data Analyst","112500.0"
"Data Analyst","112500.0"
"Data Analyst","112500.0"
"Data Analyst","112500.0"
"Data Analyst","112500.0"
"Senior Data Analyst","112500.0"
"Data Analyst","112500.0"
"Data Analyst","112050.0"
"Senior Data Analyst","112000.0"
"Data Analyst","111500.0"
"Data Analyst","110000.0"
"Data Analyst","110000.0"
"Senior Data Analyst","110000.0"
"Data Analyst","110000.0"
"Data Analyst","110000.0"
"Data Analyst","110000.0"
"Data Analyst","110000.0"
"Data Analyst","110000.0"
"Data Analyst","110000.0"
"Data Analyst","110000.0"
"Senior Data Analyst","110000.0"
"Data Analyst","110000.0"
"Senior Data Analyst","110000.0"
"Data Analyst","110000.0"
"Senior Data Analyst","110000.0"
"Data Analyst","110000.0"
"Data Analyst","110000.0"
"Senior Data Analyst","110000.0"
"Data Analyst","110000.0"
"Data Analyst","110000.0"
"Data Analyst","110000.0"
"Data Analyst","110000.0"
"Data Analyst","109600.0"
"Senior Data Analyst","109000.0"
"Data Analyst","108500.0"
"Senior Data Analyst","107825.5"
"Data Analyst","107500.0"
"Data Analyst","107500.0"
"Data Analyst","107500.0"
"Data Analyst","107500.0"
"Senior Data Analyst","107500.0"
"Data Analyst","107500.0"
"Data Analyst","107500.0"
"Senior Data Analyst","106800.0"
"Senior Data Analyst","106800.0"
"Senior Data Analyst","106661.5"
"Data Analyst","106562.5"
"Data Analyst","106479.0"
"Data Analyst","106479.0"
"Data Analyst","106479.0"
"Data Analyst","106000.0"
"Data Analyst","106000.0"
"Data Analyst","105000.0"
"Data Analyst","105000.0"
"Data Analyst","105000.0"
"Data Analyst","105000.0"
"Senior Data Analyst","105000.0"
"Data Analyst","105000.0"
"Data Analyst","105000.0"
"Senior Data Analyst","105000.0"
"Data Analyst","105000.0"
"Senior Data Analyst","105000.0"
"Data Analyst","105000.0"
"Data Analyst","105000.0"
"Data Analyst","105000.0"
"Data Analyst","105000.0"
"Senior Data Analyst","105000.0"
"Senior Data Analyst","105000.0"
"Data Analyst","104300.0"
"Data Analyst","104106.5"
"Data Analyst","104000.0"
"Data Analyst","103500.0"
"Data Analyst","103049.5"
"Data Analyst","103000.0"
"Data Analyst","103000.0"
"Data Analyst","103000.0"
"Senior Data Analyst","103000.0"
"Data Analyst","102500.0"
"Data Analyst","102500.0"
"Data Analyst","102500.0"
"Data Analyst","102500.0"
"Senior Data Analyst","102500.0"
"Data Analyst","102250.0"
"Senior Data Analyst","102000.0"
"Data Analyst","102000.0"
"Senior Data Analyst","102000.0"
"Senior Data Analyst","102000.0"
"Data Analyst","102000.0"
"Senior Data Analyst","102000.0"
"Data Analyst","102000.0"
"Senior Data Analyst","101500.0"
"Data Analyst","101500.0"
"Data Analyst","101500.0"
"Data Analyst","101500.0"
"Senior Data Analyst","101500.0"
"Senior Data Analyst","101000.0"
"Senior Data Analyst","101000.0"
"Senior Data Analyst","100500.0"
"Senior Data Analyst","100500.0"
"Senior Data Analyst","100500.0"
"Senior Data Analyst","100400.0"
"Data Analyst","100400.0"
"Data Analyst","100400.0"
"Data Analyst","100400.0"
"Data Analyst","100400.0"
"Senior Data Analyst","100250.0"
"Data Analyst","100000.5"
"Senior Data Analyst","100000.0"
"Data Analyst","100000.0"
"Senior Data Analyst","100000.0"
"Senior Data Analyst","100000.0"
"Data Analyst","100000.0"
"Senior Data Analyst","100000.0"
"Data Analyst","100000.0"
"Senior Data Analyst","100000.0"
"Data Analyst","100000.0"
"Data Analyst","100000.0"
"Data Analyst","100000.0"
"Data Analyst","100000.0"
"Data Analyst","100000.0"
"Senior Data Analyst","100000.0"
"Data Analyst","100000.0"
"Data Analyst","100000.0"
"Data Analyst","100000.0"
"Data Analyst","99746.90625"
"Data Analyst","99500.0"
"Data Analyst","99500.0"
"Senior Data Analyst","99500.0"
"Data Analyst","99000.0"
"Senior Data Analyst","99000.0"
"Senior Data Analyst","98800.0"
"Senior Data Analyst","98800.0"
"Data Analyst","98800.0"
"Senior Data Analyst","98800.0"
"Data Analyst","98750.0"
"Data Analyst","98500.0"
"Data Analyst","98000.0"
"Senior Data Analyst","98000.0"
"Senior Data Analyst","98000.0"
"Senior Data Analyst","97517.5"
"Senior Data Analyst","97500.0"
"Senior Data Analyst","97500.0"
"Data Analyst","97500.0"
"Senior Data Analyst","97500.0"
"Data Analyst","97500.0"
"Data Analyst","97500.0"
"Senior Data Analyst","97500.0"
"Data Analyst","97500.0"
"Data Analyst","97070.5"
"Data Analyst","97000.0"
"Senior Data Analyst","97000.0"
"Data Analyst","96400.0"
"Senior Data Analyst","96000.0"
"Senior Data Analyst","96000.0"
"Senior Data Analyst","95900.0"
"Data Analyst","95700.0"
"Data Analyst","95680.0"
"Data Analyst","95680.0"
"Data Analyst","95650.0"
"Data Analyst","95500.0"
"Senior Data Analyst","95500.0"
"Data Analyst","95329.0"
"Data Analyst","95150.0"
"Senior Data Analyst","95150.0"
"Data Analyst","95000.0"
"Data Analyst","95000.0"
"Data Analyst","95000.0"
"Senior Data Analyst","95000.0"
"Data Analyst","95000.0"
"Data Analyst","95000.0"
"Data Analyst","95000.0"
"Senior Data Analyst","95000.0"
"Data Analyst","95000.0"
"Data Analyst","95000.0"
"Data Analyst","95000.0"
"Data Analyst","95000.0"
"Data Analyst","95000.0"
"Senior Data Analyst","95000.0"
"Data Analyst","95000.0"
"Senior Data Analyst","95000.0"
"Senior Data Analyst","95000.0"
"Data Analyst","95000.0"
"Data Analyst","95000.0"
"Senior Data Analyst","95000.0"
"Data Analyst","95000.0"
"Data Analyst","95000.0"
"Data Analyst","94871.5"
"Data Analyst","94400.0"
"Senior Data Analyst","94366.75"
"Data Analyst","94000.0"
"Senior Data Analyst","94000.0"
"Data Analyst","93000.0"
"Data Analyst","93000.0"
"Senior Data Analyst","93000.0"
"Data Analyst","92750.0"
"Data Analyst","92500.0"
"Data Analyst","92500.0"
"Data Analyst","92500.0"
"Senior Data Analyst","92500.0"
"Data Analyst","92000.0"
"Data Analyst","91000.0"
"Data Analyst","90000.0"
"Data Analyst","90000.0"
"Data Analyst","90000.0"
"Data Analyst","90000.0"
"Senior Data Analyst","90000.0"
"Data Analyst","90000.0"
"Data Analyst","90000.0"
"Data Analyst","90000.0"
"Data Analyst","90000.0"
"Data Analyst","90000.0"
"Data Analyst","90000.0"
"Data Analyst","90000.0"
"Data Analyst","90000.0"
"Senior Data Analyst","90000.0"
"Data Analyst","90000.0"
"Data Analyst","90000.0"
"Data Analyst","90000.0"
"Data Analyst","90000.0"
"Senior Data Analyst","90000.0"
"Data Analyst","90000.0"
"Data Analyst","90000.0"
"Data Analyst","90000.0"
"Senior Data Analyst","90000.0"
"Data Analyst","90000.0"
"Data Analyst","90000.0"
"Data Analyst","90000.0"
"Data Analyst","90000.0"
"Data Analyst","90000.0"
"Data Analyst","90000.0"
"Data Analyst","90000.0"
"Data Analyst","90000.0"
"Data Analyst","90000.0"
"Data Analyst","90000.0"
"Data Analyst","89833.5"
"Data Analyst","89796.0"
"Data Analyst","89500.0"
"Data Analyst","89000.0"
"Data Analyst","89000.0"
"Data Analyst","88000.0"
"Data Analyst","88000.0"
"Data Analyst","87500.0"
"Data Analyst","87500.0"
"Data Analyst","87500.0"
"Senior Data Analyst","87500.0"
"Data Analyst","87500.0"
"Senior Data Analyst","87500.0"
"Data Analyst","87500.0"
"Data Analyst","87500.0"
"Data Analyst","87500.0"
"Data Analyst","87500.0"
"Data Analyst","87000.0"
"Data Analyst","87000.0"
"Data Analyst","86500.0"
"Data Analyst","86500.0"
"Senior Data Analyst","86000.0"
"Data Analyst","86000.0"
"Data Analyst","85500.0"
"Data Analyst","85000.0"
"Data Analyst","85000.0"
"Data Analyst","85000.0"
"Data Analyst","85000.0"
"Data Analyst","85000.0"
"Data Analyst","85000.0"
"Senior Data Analyst","85000.0"
"Data Analyst","85000.0"
"Data Analyst","85000.0"
"Data Analyst","85000.0"
"Data Analyst","85000.0"
"Data Analyst","85000.0"
"Data Analyst","85000.0"
"Data Analyst","85000.0"
"Data Analyst","85000.0"
"Data Analyst","85000.0"
"Data Analyst","85000.0"
"Senior Data Analyst","85000.0"
"Data Analyst","84950.0"
"Data Analyst","84800.0"
"Data Analyst","84500.0"
"Data Analyst","84500.0"
"Data Analyst","84500.0"
"Data Analyst","84500.0"
"Data Analyst","84500.0"
"Data Analyst","84500.0"
"Data Analyst","84500.0"
"Data Analyst","84500.0"
"Data Analyst","84500.0"
"Data Analyst","84500.0"
"Data Analyst","84500.0"
"Data Analyst","84000.0"
"Data Analyst","84000.0"
"Data Analyst","84000.0"
"Data Analyst","84000.0"
"Data Analyst","84000.0"
"Data Analyst","84000.0"
"Data Analyst","84000.0"
"Data Analyst","84000.0"
"Data Analyst","84000.0"
"Data Analyst","84000.0"
"Data Analyst","84000.0"
"Data Analyst","84000.0"
"Data Analyst","84000.0"
"Data Analyst","83500.0"
"Data Analyst","83500.0"
"Data Analyst","83500.0"
"Data Analyst","83500.0"
"Data Analyst","83500.0"
"Data Analyst","83500.0"
"Data Analyst","83500.0"
"Senior Data Analyst","83298.0"
"Data Analyst","83200.0"
"Data Analyst","83000.0"
"Data Analyst","83000.0"
"Data Analyst","83000.0"
"Senior Data Analyst","83000.0"
"Data Analyst","83000.0"
"Data Analyst","82750.0"
"Data Analyst","82500.0"
"Data Analyst","82500.0"
"Data Analyst","82500.0"
"Data Analyst","82500.0"
"Data Analyst","82500.0"
"Data Analyst","82500.0"
"Senior Data Analyst","82500.0"
"Data Analyst","82500.0"
"Data Analyst","82500.0"
"Data Analyst","82500.0"
"Data Analyst","82500.0"
"Data Analyst","82500.0"
"Data Analyst","82500.0"
"Senior Data Analyst","82500.0"
"Data Analyst","82500.0"
"Data Analyst","82500.0"
"Data Analyst","82500.0"
"Data Analyst","82350.5"
"Senior Data Analyst","82058.0"
"Data Analyst","82000.0"
"Data Analyst","82000.0"
"Senior Data Analyst","82000.0"
"Data Analyst","82000.0"
"Data Analyst","82000.0"
"Data Analyst","82000.0"
"Data Analyst","82000.0"
"Data Analyst","81500.0"
"Data Analyst","81500.0"
"Data Analyst","81047.0"
"Data Analyst","81000.0"
"Data Analyst","81000.0"
"Data Analyst","81000.0"
"Data Analyst","81000.0"
"Senior Data Analyst","81000.0"
"Data Analyst","80740.0"
"Data Analyst","80500.0"
"Data Analyst","80500.0"
"Data Analyst","80500.0"
"Data Analyst","80250.0"
"Data Analyst","80000.0"
"Data Analyst","80000.0"
"Data Analyst","80000.0"
"Data Analyst","80000.0"
"Data Analyst","80000.0"
"Data Analyst","80000.0"
"Data Analyst","80000.0"
"Data Analyst","80000.0"
"Data Analyst","80000.0"
"Data Analyst","80000.0"
"Data Analyst","80000.0"
"Data Analyst","80000.0"
"Data Analyst","80000.0"
"Senior Data Analyst","80000.0"
"Data Analyst","80000.0"
"Data Analyst","80000.0"
"Data Analyst","80000.0"
"Data Analyst","80000.0"
"Data Analyst","80000.0"
"Senior Data Analyst","80000.0"
"Data Analyst","79968.0"
"Data Analyst","79500.0"
"Data Analyst","79415.5"
"Data Analyst","79060.5"
"Data Analyst","79000.0"
"Senior Data Analyst","78500.0"
"Data Analyst","78040.0"
"Data Analyst","78000.0"
"Data Analyst","77500.0"
"Data Analyst","77500.0"
"Data Analyst","77500.0"
"Data Analyst","77500.0"
"Data Analyst","77500.0"
"Data Analyst","77500.0"
"Data Analyst","77500.0"
"Data Analyst","77500.0"
"Data Analyst","77500.0"
"Data Analyst","77350.0"
"Data Analyst","77000.0"
"Data Analyst","76842.0"
"Data Analyst","76783.0"
"Data Analyst","76559.0"
"Data Analyst","76500.0"
"Data Analyst","76364.5"
"Data Analyst","76007.0"
"Data Analyst","76007.0"
"Data Analyst","76000.0"
"Data Analyst","76000.0"
"Data Analyst","75566.0"
"Data Analyst","75500.0"
"Data Analyst","75296.0"
"Data Analyst","75250.0"
"Data Analyst","75000.0"
"Data Analyst","75000.0"
"Data Analyst","75000.0"
"Data Analyst","75000.0"
"Data Analyst","75000.0"
"Data Analyst","75000.0"
"Data Analyst","75000.0"
"Data Analyst","75000.0"
"Data Analyst","75000.0"
"Senior Data Analyst","75000.0"
"Data Analyst","75000.0"
"Data Analyst","75000.0"
"Data Analyst","75000.0"
"Data Analyst","75000.0"
"Data Analyst","75000.0"
"Data Analyst","75000.0"
"Data Analyst","75000.0"
"Data Analyst","75000.0"
"Data Analyst","75000.0"
"Data Analyst","75000.0"
"Data Analyst","74500.0"
"Data Analyst","74224.5"
"Data Analyst","74049.0"
"Data Analyst","74000.0"
"Data Analyst","74000.0"
"Data Analyst","73696.0"
"Data Analyst","73631.0"
"Data Analyst","73000.0"
"Data Analyst","73000.0"
"Data Analyst","72500.0"
"Data Analyst","72500.0"
"Data Analyst","72500.0"
"Data Analyst","72500.0"
"Data Analyst","72500.0"
"Senior Data Analyst","72500.0"
"Data Analyst","72500.0"
"Data Analyst","72500.0"
"Data Analyst","72450.0"
"Data Analyst","72000.0"
"Data Analyst","71850.0"
"Data Analyst","71850.0"
"Data Analyst","71850.0"
"Data Analyst","71000.0"
"Senior Data Analyst","70842.9609375"
"Data Analyst","70500.0"
"Data Analyst","70000.0"
"Data Analyst","70000.0"
"Data Analyst","70000.0"
"Data Analyst","70000.0"
"Data Analyst","70000.0"
"Data Analyst","70000.0"
"Data Analyst","70000.0"
"Data Analyst","70000.0"
"Data Analyst","70000.0"
"Data Analyst","70000.0"
"Data Analyst","70000.0"
"Data Analyst","70000.0"
"Data Analyst","70000.0"
"Data Analyst","70000.0"
"Data Analyst","70000.0"
"Data Analyst","70000.0"
"Senior Data Analyst","69750.0"
"Data Analyst","69500.0"
"Data Analyst","69000.0"
"Data Analyst","67500.0"
"Data Analyst","67500.0"
"Data Analyst","67500.0"
"Data Analyst","67500.0"
"Data Analyst","67500.0"
"Data Analyst","67500.0"
"Data Analyst","67500.0"
"Data Analyst","66500.0"
"Data Analyst","65062.3984375"
"Data Analyst","65000.0"
"Data Analyst","65000.0"
"Data Analyst","65000.0"
"Data Analyst","65000.0"
"Data Analyst","65000.0"
"Data Analyst","65000.0"
"Data Analyst","65000.0"
"Data Analyst","65000.0"
"Data Analyst","65000.0"
"Data Analyst","65000.0"
"Data Analyst","65000.0"
"Data Analyst","65000.0"
"Data Analyst","65000.0"
"Data Analyst","65000.0"
"Data Analyst","65000.0"
"Data Analyst","65000.0"
"Data Analyst","65000.0"
"Data Analyst","65000.0"
"Data Analyst","63991.0"
"Data Analyst","63594.0"
"Data Analyst","63000.0"
"Data Analyst","62500.0"
"Data Analyst","62500.0"
"Data Analyst","62500.0"
"Data Analyst","62500.0"
"Data Analyst","62500.0"
"Data Analyst","62500.0"
"Data Analyst","62500.0"
"Data Analyst","62500.0"
"Data Analyst","62500.0"
"Data Analyst","62000.0"
"Data Analyst","62000.0"
"Data Analyst","60500.0"
"Data Analyst","60500.0"
"Data Analyst","60000.0"
"Data Analyst","60000.0"
"Data Analyst","60000.0"
"Data Analyst","60000.0"
"Data Analyst","60000.0"
"Data Analyst","60000.0"
"Data Analyst","60000.0"
"Data Analyst","60000.0"
"Data Analyst","60000.0"
"Data Analyst","60000.0"
"Data Analyst","60000.0"
"Data Analyst","60000.0"
"Data Analyst","60000.0"
"Data Analyst","59500.0"
"Data Analyst","59000.0"
"Data Analyst","59000.0"
"Data Analyst","58000.0"
"Data Analyst","58000.0"
"Data Analyst","57500.0"
"Data Analyst","57500.0"
"Data Analyst","57500.0"
"Data Analyst","57500.0"
"Data Analyst","57300.0"
"Data Analyst","55500.0"
"Data Analyst","55000.0"
"Data Analyst","55000.0"
"Data Analyst","54540.0"
"Data Analyst","53000.0"
"Data Analyst","52500.0"
"Data Analyst","52500.0"
"Data Analyst","52500.0"
"Data Analyst","52500.0"
"Data Analyst","52500.0"
"Data Analyst","52000.0"
"Data Analyst","51500.0"
"Data Analyst","51059.0"
"Data Analyst","51000.0"
"Senior Data Analyst","50500.0"
"Data Analyst","50500.0"
"Data Analyst","50000.0"
"Data Analyst","50000.0"
"Data Analyst","50000.0"
"Data Analyst","50000.0"
"Data Analyst","50000.0"
"Data Analyst","48500.0"
"Data Analyst","47500.0"
"Data Analyst","47500.0"
"Data Analyst","47500.0"
"Data Analyst","46500.0"
"Senior Data Analyst","43031.0"
"Data Analyst","42500.0"
"Data Analyst","41000.0"
"Data Analyst","40000.0"
"Data Analyst","39000.0"
"Data Analyst","36000.0"
"Data Analyst","35000.0"
"Data Analyst","25000.0"
